tick,percentage
1,16.66666667
2,16.66666667
3,16.66666667
4,16.66666667
5,16.66666667
6,66.66666667
7,66.66666667
8,66.66666667
9,66.66666667
10,66.66666667
