tick,percentage
1,16.66666667
2,16.66666667
3,16.66666667
4,16.66666667
5,16.66666667
6,3.333333333
7,3.333333333
8,3.333333333
9,3.333333333
10,3.333333333
