tick,percentage
1,83.33333333
2,83.33333333
3,83.33333333
4,83.33333333
5,83.33333333
6,6.666666667
7,6.666666667
8,6.666666667
9,6.666666667
10,6.666666667
