tick,percentage
1,83.33333333
2,83.33333333
3,83.33333333
4,83.33333333
5,83.33333333
6,83.33333333
7,83.33333333
8,83.33333333
9,83.33333333
10,83.33333333
