tick,percentage
1,16.66666667
2,16.66666667
3,16.66666667
4,16.66666667
5,16.66666667
6,50
7,50
8,50
9,50
10,50
