tick,percentage
1,83.33333333
2,83.33333333
3,83.33333333
4,83.33333333
5,83.33333333
6,3.333333333
7,3.333333333
8,3.333333333
9,3.333333333
10,3.333333333
